{
	"info": {
		"_postman_id": "0e0c2a37-1670-42e4-b9a4-5d41a7bd41a5",
		"name": "enc_dec_api",
		"schema": "https://schema.getpostman.com/json/collection/v2.1.0/collection.json"
	},
	"item": [
		{
			"name": "encryption",
			"request": {
				"method": "POST",
				"header": [],
				"body": {
					"mode": "raw",
					"raw": "JkVQv3FeMOiXuEpbf1HEYzsYF6P1n//Q483zXUnyRUurw1cFmDmxX65V8lMT6mCh",
					"options": {
						"raw": {
							"language": "text"
						}
					}
				},
				"url": {
					"raw": "localhost:5000/encryption_demo",
					"host": [
						"localhost"
					],
					"port": "5000",
					"path": [
						"encryption_demo"
					]
				}
			},
			"response": []
		},
		{
			"name": "decryption",
			"request": {
				"method": "POST",
				"header": [],
				"url": {
					"raw": "localhost:5000/decryption",
					"host": [
						"localhost"
					],
					"port": "5000",
					"path": [
						"decryption"
					]
				}
			},
			"response": []
		}
	]
}